Norine,141
Anestassia,9
Ruthe,632
Sidoney,275
Pierette,117
Feliza,728
Catharine,542
Darci,820
Sheree,330
Lizzie,292
Natka,508
Ana,605
Christal,863
Xylina,228
Raina,915
Maud,356
Vita,252
Flory,826
Dorene,547
Dulce,424
Netty,770
Viki,944
Lulita,386
Mireielle,153
Tera,205
Amalie,730
Dione,526
Gwyneth,997
Elena,195
Amalie,498
Cherilyn,747
Carmela,759
Lonnie,813
Cyndie,680
Rayna,779
Lila,67
Shandie,966
Daryl,631
Sam,739
Judy,393
Tonia,630
Sam,918
Lulita,855
Beatriz,112
Arlina,75
Ursulina,880
Ericka,945
Felice,912
Wendi,8
Petronia,746
Tersina,408
Mariele,242
Ashlee,452
Aili,160
Mara,227
Lauryn,409
Gui,927
Aryn,832
Libbie,781
Sandie,685
Katuscha,980
Linet,413
Kenna,274
Lorie,706
Jere,28
Chrystel,336
Goldie,795
Alex,377
Zia,174
Stephanie,513
Kylynn,274
Nannie,198
Grier,590
Rosene,958
Shaylyn,931
Rubie,506
Carlie,836
Brandise,261
Elbertina,313
Annecorinne,154
Ann-Marie,184
Kelly,941
Grier,561
Mallory,71
Damaris,970
Jessy,794
Vevay,782
Deedee,896
Anthia,509
Lenna,603
Tomasina,453
Max,234
Lolita,772
Gwenneth,720
Nerta,809
Audrie,13
Lita,597
Vita,645
Gusty,849
Ann-Marie,74
Wilma,793
Stephanie,940
Anthia,861
Dorene,591
Ruthe,853
Hildegaard,827
Zia,610
Asia,183
Neila,376
Benita,9
Misha,414
Tamqrah,495
Jillayne,723
Ira,632
Gaylene,107
Teddie,56
Carilyn,955
Susan,451
Frank,631
Miquela,439
Dianemarie,374
Frieda,153
Joceline,215
Andeee,751
Zsa Zsa,761
Elbertina,936
Emelina,435
Linzy,727
Blake,861
Jeanna,168
Angelique,927
Arlena,395
Dari,880
Delilah,627
Vita,280
Sadie,973
Cordi,318
Marylou,431
Aubrie,444
Elise,604
Averyl,161
Netty,233
Shaylyn,220
Elbertina,32
Aryn,107
Amara,473
Elsie,137
Roz,559
Atlanta,338
Kial,897
Averyl,366
Riannon,105
Maye,372
Dale,29
Karena,285
Dode,49
Roz,40
Chere,622
Britni,142
Codie,565
Cacilie,454
Fernande,25
Karly,100
Lizzie,464
Sallie,719
Drucie,577
Petronia,642
Verla,856
Cyndie,905
Latisha,28
Gwenneth,479
Shell,475
Beverley,568
Tracey,955
Deedee,334
Ekaterina,83
Janis,985
Tierney,759
Lorie,12
Aigneis,823
Loree,954
Kenna,842
Lory,652
Charissa,1000
Pearline,104
Ashlee,812
Arlina,566
Agathe,74
Mildrid,371
Amara,393
Bee,830
Andeee,780
Katharina,410
Malina,619
Sam,571
Joleen,310
Fernande,584
Carol-Jean,76
Cissiee,105
Emmey,562
Philis,37
Verla,653
Kathy,565
Almeta,947
Hettie,833
Lizzie,220
Cristine,955
Rubie,922
Amara,903
Anica,821
Ivett,72
Annaliese,325
Evita,531
Hope,629
Sindee,47
Priscilla,440
Cam,859
Esmeralda,81
Marti,87
Pearline,245
Dennie,554
Nelle,179
Aili,858
Nollie,829
Ana,626
Aili,99
Dari,790
Amelia,464
Sallie,518
Lonnie,506
Berta,853
Penelopa,421
Lucy,398
Latisha,657
Jany,242
Sean,324
Daphne,487
Layla,853
Kassey,560
Augustine,376
Cecile,693
Mureil,710
Lynde,678
Edyth,190
Myriam,755
Elora,484
Dania,901
Alyda,836
Tabbatha,598
Debee,234
Zondra,106
Jenda,67
Caressa,979
Sharlene,30
Tera,441
Kaia,434
Andree,99
Goldie,57
Kerrin,418
Correy,111
Dione,846
Mariele,163
Etta,506
Charlena,639
Zsa Zsa,950
Romona,572
Corene,186
Lynea,117
Rubie,215
Nadine,603
Leona,259
Melisent,496
Eugine,87
Cindelyn,764
Penelopa,340
Ardeen,409
Cyb,50
Clo,81
Shauna,993
Mureil,84
Adore,618
Tabbatha,110
Merle,961
Jillayne,755
Vanessa,494
Melodie,420
Vita,511
Cherrita,399
Minne,833
Celisse,998
Darci,719
Anica,602
Lorenza,475
Robbi,486
Berta,146
Livvyy,601
Chandra,507
Jeanna,89
Ericka,813
Penelopa,143
Carolina,683
Hallie,605
Berta,20
Kristina,236
Cindelyn,903
Sibella,600
Lory,464
Ebonee,53
Pamella,239
Deane,753
Daryl,131
Ruthe,392
Berta,493
Katuscha,222
Esmeralda,832
Grier,81
Elfreda,242
Fredericka,739
Trixi,318
Nyssa,703
Bee,952
Mureil,921
Caryl,833
Ana,365
Maryellen,665
Rivalee,722
Latisha,126
Helsa,109
Imojean,663
Leontine,675
Hallie,66
Karolina,547
Aryn,215
Nannie,571
Binny,876
Marinna,131
Kirbee,11
Beth,972
Cathyleen,84
Xylina,528
Mireielle,914
Orelia,850
Talya,457
Carilyn,106
Cristabel,246
Gratia,240
Doralynne,842
Winny,871
Amelia,64
Elvira,338
Paulita,865
Darci,564
Ivett,622
Demetris,628
Layla,190
Letizia,772
Lanna,250
Janey,356
Cathyleen,133
Ermengarde,883
Roslyn,490
Damaris,761
Jobi,254
Phylis,812
Gianina,53
Teddie,251
Sharai,336
Beth,122
Desirae,639
Merle,683
Valeda,801
Robbi,43
Ofilia,795
Ardenia,37
Hyacinthe,230
Ekaterina,972
Candi,899
Marti,93
Kial,679
Carol-Jean,251
Arlena,613
Elfreda,580
Jaclyn,634
Ezmeralda,143
Bettine,253
Ursulina,989
Aeriela,790
Shirlee,692
Lynnea,96
Lilith,853
Gale,894
Briney,237
Carol-Jean,241
Sandie,406
Phylis,426
Jere,729
Micheline,195
Danny,5
Libbie,970
Sean,367
Tersina,748
Beverley,567
Jasmina,809
Wendi,766
Sue,20
Blake,566
Sam,621
Mariann,720
Madalyn,811
Bobinette,842
Priscilla,889
Tressa,344
Lesly,581
Giustina,694
Kamilah,982
Cam,77
Felice,696
Abbie,637
Eugine,106
Ashlee,64
Andeee,990
Glynnis,371
Sophia,455
Gwenneth,398
Lanna,599
Sophia,436
Kaja,598
Lorie,348
Mureil,494
Meriel,686
Monika,41
Zsa Zsa,75
Lulita,18
Phedra,437
Caryl,699
Ekaterina,672
Ginnie,385
Darlleen,451
Lita,624
Nelle,196
Rani,418
Stacey,534
Gwyneth,440
Gabi,137
Lindie,928
Therine,636
Cyndie,395
Augustine,173
Ezmeralda,101
Morganica,309
Fayre,704
Katharina,775
Priscilla,982
Nicoli,546
Lauryn,411
Catharine,421
Taffy,412
Myriam,718
Winny,376
Meghann,659
Ardenia,334
Dianemarie,814
Katharina,853
Dennie,620
Kayla,705
Shaine,426
Heida,204
Agathe,336
Angelique,450
Lynde,653
Jacquetta,239
Dale,285
Marguerite,448
Mellicent,263
Zia,626
Celestyna,241
Clo,981
Lanae,608
Maryellen,715
Deloria,233
Libbie,581
Bill,656
Danny,926
Talya,33
Roxane,929
Natka,998
Addia,511
Morganica,915
Annora,997
Isa,595
June,844
Nickie,636
Anica,411
Shirlee,142
Sara-Ann,260
Malina,451
Monika,746
Gabi,580
Verla,621
Stevana,233
Mildrid,540
Xylina,452
Dennie,219
Cecile,137
Rosene,898
Anestassia,568
Norine,137
Tani,902
Agathe,807
Tatiania,479
Sonni,600
Deedee,334
Roseline,401
Kayla,206
Christy,301
Bee,235
Madalyn,685
Taffy,613
Merle,470
Fernande,797
Morganica,174
Maridel,975
Lindie,125
Gratia,896
Alameda,19
Caressa,351
Katharina,816
Constance,718
Linet,652
Ermengarde,241
Vanessa,500
Shell,226
Merrie,464
Brooks,641
Arabel,638
Brandise,255
Mildrid,687
Estell,751
Kaia,849
Sadie,509
Moyna,508
Sue,211
Elyssa,100
Yvonne,690
Belinda,53
Anica,405
Dyann,470
Jolyn,496
Therine,867
Eolanda,158
Fidelia,755
Bernie,836
Darlleen,656
Caritta,928
Moyna,604
Daphne,237
Dorthy,39
Morganica,525
Emilia,761
Talya,840
Ruthe,982
Eolanda,302
Frank,213
Mellicent,860
Damaris,715
Lynea,256
Fayre,829
Gusella,751
Cherrita,475
Kirstin,799
Vivia,83
Nananne,864
Consuela,13
Violet,620
Jorry,470
Rochette,158
Melina,252
Jennica,834
Xylina,652
Mireielle,296
Louella,579
Elbertina,191
Fanchon,864
Sheelagh,559
Clarice,596
Minne,37
Suzette,857
Mathilda,347
Dianemarie,492
Janis,194
Roseline,922
Jillayne,559
Constance,879
Flory,333
Olivette,246
Ashlee,764
Ann-Marie,167
Janenna,770
Verla,282
Tomasina,290
Lindie,495
Ardenia,350
Adele,662
Tomasina,507
Nollie,940
Lorie,327
Stevana,151
Deloria,682
Halette,277
Larine,668
Rubie,341
Fidelia,508
Madeleine,275
Kimmy,802
Tersina,525
Fawne,931
Aryn,365
Goldie,927
Joy,304
Briney,945
Sashenka,103
Justinn,204
Tatiania,240
Ingrid,694
Bibby,812
Carlie,661
Corene,465
Giustina,664
Dulce,552
Evita,952
Fernande,416
Jasmina,218
Kial,503
Blondelle,889
Nananne,25
Brandise,363
Micheline,835
Ilse,171
Ida,605
Nita,312
Kathy,897
Marti,772
Chandra,188
Petronia,1000
Eve,717
Halette,827
Evaleen,563
Elvira,933
Gavrielle,856
Wilma,77
Briney,817
Annice,672
Gilligan,945
Debee,811
Abbie,866
Mildrid,727
Hyacinthe,750
Cathie,750
Zondra,89
Jemie,499
Ellette,209
Ninnetta,528
Laure,71
Deedee,720
Lulita,219
Marguerite,666
Ernesta,443
Nannie,309
Charmaine,327
Joceline,397
Violet,673
Evita,92
Bertine,79
Nicoli,723
Annecorinne,535
Isa,683
Gertrud,893
Danika,177
Amii,597
Bobbi,691
Meriel,818
Linet,347
Emma,160
Michaelina,331
Jan,953
Tersina,381
Bobbi,217
Betta,389
Candy,185
Nerta,821
Oona,678
Hannis,246
Brandise,830
Linzy,460
Lyssa,422
Cassondra,314
Paulita,519
Corly,678
Lisette,891
Claresta,588
Desirae,304
Binny,703
Gwyneth,93
Konstance,951
Arlina,428
Gwyneth,201
Camile,867
Rubie,861
Janeczka,528
Clary,364
Angela,220
Sindee,812
Siana,456
Merci,811
Brana,480
Ardys,888
Emmey,641
Cordi,453
Sophia,383
Dorice,513
Nadine,160
Binny,730
Dari,160
Gloria,894
Myriam,56
Julieta,986
Margette,417
Esmeralda,921
Wendi,514
Sashenka,588
Kaja,106
Dawn,608
Corene,136
Tera,877
Nessie,214
Marcy,223
Brena,150
Kirbee,861
Mahalia,533
Etta,781
Cyb,388
Lizzie,591
Bernardine,356
Ardenia,104
Leontine,494
Agnese,455
Calla,143
Drucie,950
Tera,90
Belva,618
Beatriz,589
Mathilda,145
Kimmy,941
Kenna,443
Brynna,248
Clary,967
Tonia,176
Dagmar,429
Lauryn,644
Alyssa,364
Cissiee,116
Shauna,188
Rozele,980
Kenna,774
Lusa,526
Brynna,94
Bernie,984
Miquela,149
Zaria,982
Alyssa,410
Meghann,711
Agathe,669
Karlee,732
Keelia,493
Mureil,351
Rivalee,794
Valli,330
Nita,888
Evita,467
Justinn,223
Pearline,246
Celene,533
Kaja,201
Kenna,104
Jinny,215
Adore,727
Elfreda,867
Vivia,711
Sashenka,779
Amelia,543
Dode,295
Hettie,318
Jaclyn,536
Maryellen,880
Magdalena,739
Romona,742
Robinia,364
Delilah,628
Selma,382
Amii,775
Consuela,586
Alex,280
Tressa,534
Phylis,406
Susette,569
Tracey,165
Isa,852
Johna,587
Roxane,103
Robinia,484
June,344
Deirdre,836
Antonietta,603
Ilse,826
Diena,287
Margette,150
Loree,275
Amalie,773
Mellicent,58
Caryl,780
Carmencita,823
Linet,328
Jany,830
Emelina,628
Elena,874
Peri,286
Nelle,847
Devina,553
Nananne,381
Darci,11
Drucie,944
Vevay,180
Edee,378
Chrystel,372
June,386
Rochette,52
Halette,396
Lilith,796
Genevra,958
Felice,100
Tina,810
Pollyanna,813
Nita,811
Blake,374
Emma,422
Clary,681
Carilyn,811
Annice,904
Roberta,273
Sherrie,204
Gabriellia,176
Queenie,711
Kylynn,345
Violet,83
Paulita,159
Jackie,33
Cathie,120
Abbie,51
Jessamyn,151
Karlee,807
Marita,944
Ellette,724
Modestia,649
Zia,304
Meg,233
Melisent,231
Briney,475
Aimil,630
Hettie,497
Dolli,806
Lily,79
Tarra,79
Blinni,973
Valeda,239
Ethel,680
Dale,909
Vonny,958
Paola,368
Britni,824
Madalyn,417
Darlleen,2
Cathie,109
Amelia,93
Alex,495
Beth,247
Nelle,564
Marinna,502
Rubie,52
Mamie,661
Louella,769
Beverley,732
Anallese,678
Corene,787
Sophia,147
Correy,19
Gilligan,817
Peri,171
Ezmeralda,1000
Benita,860
Dale,553
Penelopa,330
Dominga,145
Marcy,33
Karolina,143
Margarette,388
Shannah,626
Sharai,481
Tori,235
Melisent,597
Sheelagh,856
Mara,276
Dale,798
Coral,579
Regina,261
Elvira,286
Thalia,923
Agathe,419
Kaia,918
Talya,393
Fayre,440
Georgina,323
Britni,781
Libbie,268
Frances,46
Albertina,285
Brana,697
Estell,557
Dorthy,438
Katuscha,147
Augustine,26
Melisent,187
Minda,144
Petronia,779
Netty,983
Korrie,631
Hollie,631
Lynnea,326
Kaia,666
Averyl,22
Catrina,775
Misha,911
Elise,22
Deirdre,128
Micheline,909
Modestia,986
Janenna,702
Jerry,391
Aaren,368
Allyce,888
Starla,919
Stephanie,282
Carly,245
Marleah,927
Doralynne,585
Catharine,46
Kalina,468
Kenna,752
Libbie,177
Peri,900
Dorthy,405
Wynne,297
Mignon,407
Kassey,389
Deirdre,92
Minda,756
Kimmy,720
Carilyn,186
Ebonee,786
Dorothy,37
Cecile,319
Gwenneth,19
Kirstin,891
Albertina,632
Albertina,986
Selia,721
Annaliese,33
Quintina,429
Nariko,786
Dorothy,525
Joane,732
Amalie,374
Antonietta,7
Lenna,490
Addia,498
Zaria,66
Ricky,987
Jennica,948
Justinn,509
Perry,945
Dominga,754
Mariele,991
Tomasina,986
Christian,807
Chrystel,798
Harmonia,823
Kristan,98
Carolina,3
Justinn,950
Concettina,80
Emma,668